volumen,filas,consulta,fuente,primera_s,mediana_s
1_mes_2026,3553867,Q1_conteo,parquet,0.384,0.253
1_mes_2026,3553867,Q1_conteo,tabla,0.003,0.002
1_mes_2026,3553867,Q2_viajes_por_mes,parquet,0.258,0.281
1_mes_2026,3553867,Q2_viajes_por_mes,tabla,0.027,0.026
1_mes_2026,3553867,Q3_viajes_por_hora,parquet,0.264,0.263
1_mes_2026,3553867,Q3_viajes_por_hora,tabla,0.007,0.006
1_mes_2026,3553867,Q4_filtro_selectivo,parquet,0.305,0.286
1_mes_2026,3553867,Q4_filtro_selectivo,tabla,0.008,0.006
1_mes_2026,3553867,Q5_percentiles_tarifa,parquet,0.336,0.33
1_mes_2026,3553867,Q5_percentiles_tarifa,tabla,0.077,0.086
1_mes_2026,3553867,Q6_propina_por_pago,parquet,0.294,0.266
1_mes_2026,3553867,Q6_propina_por_pago,tabla,0.017,0.014
3_meses_2026,10601465,Q1_conteo,parquet,0.351,0.33
3_meses_2026,10601465,Q1_conteo,tabla,0.006,0.003
3_meses_2026,10601465,Q2_viajes_por_mes,parquet,0.387,0.383
3_meses_2026,10601465,Q2_viajes_por_mes,tabla,0.068,0.066
3_meses_2026,10601465,Q3_viajes_por_hora,parquet,0.349,0.353
3_meses_2026,10601465,Q3_viajes_por_hora,tabla,0.018,0.017
3_meses_2026,10601465,Q4_filtro_selectivo,parquet,0.367,0.358
3_meses_2026,10601465,Q4_filtro_selectivo,tabla,0.02,0.015
3_meses_2026,10601465,Q5_percentiles_tarifa,parquet,0.585,0.541
3_meses_2026,10601465,Q5_percentiles_tarifa,tabla,0.242,0.216
3_meses_2026,10601465,Q6_propina_por_pago,parquet,0.384,0.381
3_meses_2026,10601465,Q6_propina_por_pago,tabla,0.036,0.032
anio_2024,40302328,Q1_conteo,parquet,0.797,0.639
anio_2024,40302328,Q1_conteo,tabla,0.035,0.008
anio_2024,40302328,Q2_viajes_por_mes,parquet,0.862,0.829
anio_2024,40302328,Q2_viajes_por_mes,tabla,0.22,0.223
anio_2024,40302328,Q3_viajes_por_hora,parquet,0.711,0.723
anio_2024,40302328,Q3_viajes_por_hora,tabla,0.064,0.063
anio_2024,40302328,Q4_filtro_selectivo,parquet,0.601,0.592
anio_2024,40302328,Q4_filtro_selectivo,tabla,0.082,0.053
anio_2024,40302328,Q5_percentiles_tarifa,parquet,1.66,1.701
anio_2024,40302328,Q5_percentiles_tarifa,tabla,1.046,0.982
anio_2024,40302328,Q6_propina_por_pago,parquet,0.842,0.771
anio_2024,40302328,Q6_propina_por_pago,tabla,0.145,0.099
todo,113556358,Q1_conteo,parquet,1.923,1.832
todo,113556358,Q1_conteo,tabla,0.007,0.005
todo,113556358,Q2_viajes_por_mes,parquet,2.339,2.18
todo,113556358,Q2_viajes_por_mes,tabla,0.76,0.651
todo,113556358,Q3_viajes_por_hora,parquet,2.052,1.846
todo,113556358,Q3_viajes_por_hora,tabla,0.229,0.176
todo,113556358,Q4_filtro_selectivo,parquet,1.769,1.456
todo,113556358,Q4_filtro_selectivo,tabla,0.173,0.137
todo,113556358,Q5_percentiles_tarifa,parquet,5.741,5.248
todo,113556358,Q5_percentiles_tarifa,tabla,3.124,2.889
todo,113556358,Q6_propina_por_pago,parquet,2.581,2.512
todo,113556358,Q6_propina_por_pago,tabla,0.323,0.254
